time,temperature_2m_max,temperature_2m_min,temperature_2m_mean,precipitation_sum,rain_sum,snowfall_sum,precipitation_hours
2024-01-01,7.3,2.8,4.3,0.2,0.2,0.0,2.0
2024-01-02,9.6,1.7,5.5,1.7,1.7,0.0,7.0
2024-01-03,11.0,7.0,9.0,0.7,0.7,0.0,1.0
2024-01-04,7.8,1.9,5.7,2.5,2.5,0.0,7.0
2024-01-05,8.3,0.1,3.5,4.9,4.9,0.0,10.0
2024-01-06,4.4,1.0,2.7,17.6,15.7,1.33,24.0
2024-01-07,0.9,-4.8,-0.6,15.3,1.4,9.73,22.0
2024-01-08,-2.9,-7.9,-4.7,0.2,0.0,0.14,2.0
2024-01-09,-4.4,-12.4,-8.0,0.0,0.0,0.0,0.0
2024-01-10,-3.7,-13.1,-8.2,0.0,0.0,0.0,0.0
2024-01-11,-4.9,-11.4,-8.0,0.0,0.0,0.0,0.0
2024-01-12,-2.7,-9.1,-5.8,0.0,0.0,0.0,0.0
2024-01-13,-2.1,-9.2,-5.1,0.0,0.0,0.0,0.0
2024-01-14,1.0,-8.1,-4.6,0.0,0.0,0.0,0.0
2024-01-15,1.8,-4.4,-1.7,2.1,0.0,1.47,5.0
2024-01-16,0.1,-9.1,-4.9,0.0,0.0,0.0,0.0
2024-01-17,5.8,-4.9,1.3,8.8,6.8,1.4,15.0
2024-01-18,9.6,-1.2,4.3,11.0,6.4,3.22,15.0
2024-01-19,-0.6,-5.7,-2.6,1.1,0.0,0.77,5.0
2024-01-20,1.3,-8.3,-5.3,0.0,0.0,0.0,0.0
2024-01-21,5.8,-9.0,-2.6,0.0,0.0,0.0,0.0
2024-01-22,11.4,-5.4,2.8,8.2,8.2,0.0,7.0
2024-01-23,5.9,3.2,4.5,2.4,2.3,0.07,11.0
2024-01-24,12.8,5.4,9.4,4.7,4.7,0.0,7.0
2024-01-25,8.1,5.2,6.3,1.7,1.7,0.0,9.0
2024-01-26,11.4,3.0,7.3,4.8,4.8,0.0,9.0
2024-01-27,5.9,-2.3,0.9,0.0,0.0,0.0,0.0
2024-01-28,9.2,-3.8,0.6,0.0,0.0,0.0,0.0
2024-01-29,10.6,-4.7,0.6,0.0,0.0,0.0,0.0
2024-01-30,11.1,-1.8,3.1,0.0,0.0,0.0,0.0
2024-01-31,10.8,0.6,4.3,0.0,0.0,0.0,0.0
2024-02-01,7.1,2.7,5.8,6.2,6.2,0.0,11.0
2024-02-02,7.8,4.3,6.0,0.4,0.4,0.0,3.0
2024-02-03,11.0,4.8,7.5,0.0,0.0,0.0,0.0
2024-02-04,10.2,5.0,7.2,3.7,3.7,0.0,6.0
2024-02-05,11.9,6.3,8.4,0.0,0.0,0.0,0.0
2024-02-06,9.8,4.8,7.6,0.0,0.0,0.0,0.0
2024-02-07,10.3,4.3,7.5,0.2,0.2,0.0,2.0
2024-02-08,12.8,6.7,9.3,3.0,3.0,0.0,4.0
2024-02-09,12.2,5.7,8.2,0.4,0.4,0.0,4.0
2024-02-10,13.9,3.8,8.0,0.0,0.0,0.0,0.0
2024-02-11,8.9,4.2,6.1,3.8,3.8,0.0,14.0
2024-02-12,8.4,3.3,5.2,6.2,4.3,1.33,7.0
2024-02-13,8.4,0.6,4.3,1.5,1.5,0.0,9.0
2024-02-14,12.6,0.6,6.6,0.0,0.0,0.0,0.0
2024-02-15,14.7,3.7,8.4,0.0,0.0,0.0,0.0
2024-02-16,16.1,1.4,8.2,0.0,0.0,0.0,0.0
2024-02-17,11.6,4.1,9.1,6.6,6.6,0.0,11.0
2024-02-18,12.9,3.5,8.2,0.0,0.0,0.0,0.0
2024-02-19,9.4,4.9,7.2,9.1,9.1,0.0,17.0
2024-02-20,7.8,3.6,5.7,7.1,6.3,0.56,13.0
2024-02-21,12.4,2.1,6.8,0.0,0.0,0.0,0.0
2024-02-22,10.1,5.7,7.6,6.0,6.0,0.0,19.0
2024-02-23,6.9,0.5,3.8,7.1,7.1,0.0,19.0
2024-02-24,8.8,-2.8,2.9,0.4,0.4,0.0,2.0
2024-02-25,10.5,0.4,4.4,3.1,2.2,0.63,6.0
2024-02-26,12.3,-1.2,4.6,0.1,0.1,0.0,1.0
2024-02-27,8.6,1.7,4.8,1.2,1.2,0.0,6.0
2024-02-28,7.1,1.9,4.6,0.3,0.3,0.0,3.0
2024-02-29,11.1,1.2,5.4,0.0,0.0,0.0,0.0
2024-03-01,10.4,1.0,5.5,2.0,2.0,0.0,7.0
2024-03-02,12.4,3.0,6.5,3.0,3.0,0.0,9.0
2024-03-03,17.1,1.4,7.9,0.0,0.0,0.0,0.0
2024-03-04,9.5,3.5,6.6,0.0,0.0,0.0,0.0
2024-03-05,9.1,5.0,6.4,2.9,2.9,0.0,11.0
2024-03-06,5.2,3.0,3.9,12.6,12.6,0.0,17.0
2024-03-07,7.2,0.4,3.7,0.9,0.9,0.0,4.0
2024-03-08,9.6,-2.2,3.1,0.0,0.0,0.0,0.0
2024-03-09,15.3,-2.0,5.9,0.0,0.0,0.0,0.0
2024-03-10,17.5,2.3,9.8,0.4,0.4,0.0,2.0
2024-03-11,11.6,0.9,6.4,0.1,0.1,0.0,1.0
2024-03-12,8.9,3.8,5.9,3.3,3.3,0.0,14.0
2024-03-13,10.4,3.8,6.9,5.9,5.9,0.0,14.0
2024-03-14,15.1,5.2,9.3,0.0,0.0,0.0,0.0
2024-03-15,15.9,6.6,10.4,1.9,1.9,0.0,6.0
2024-03-16,13.2,6.7,9.2,7.0,7.0,0.0,13.0
2024-03-17,13.9,6.0,9.2,0.3,0.3,0.0,3.0
2024-03-18,11.2,6.6,8.6,9.4,9.4,0.0,13.0
2024-03-19,13.6,5.2,8.8,2.0,2.0,0.0,8.0
2024-03-20,16.4,2.0,8.9,0.0,0.0,0.0,0.0
2024-03-21,12.6,4.9,8.5,14.1,14.1,0.0,15.0
2024-03-22,16.6,4.8,10.0,0.0,0.0,0.0,0.0
2024-03-23,13.6,2.5,7.2,5.2,5.2,0.0,9.0
2024-03-24,7.0,1.9,3.6,6.7,2.1,3.22,14.0
2024-03-25,10.0,0.9,5.1,0.0,0.0,0.0,0.0
2024-03-26,16.0,-2.3,6.7,0.0,0.0,0.0,0.0
2024-03-27,19.9,3.6,10.3,7.2,7.2,0.0,8.0
2024-03-28,12.8,0.7,5.3,2.9,2.9,0.0,7.0
2024-03-29,20.5,0.6,10.7,0.0,0.0,0.0,0.0
2024-03-30,21.7,6.8,14.5,0.0,0.0,0.0,0.0
2024-03-31,19.4,6.1,12.8,0.0,0.0,0.0,0.0
2024-04-01,13.3,6.1,9.6,1.4,1.4,0.0,10.0
2024-04-02,12.0,5.2,8.2,0.4,0.4,0.0,3.0
2024-04-03,12.9,2.7,7.9,3.8,3.8,0.0,6.0
2024-04-04,17.3,8.2,12.0,4.2,4.2,0.0,5.0
2024-04-05,22.0,9.6,15.4,0.0,0.0,0.0,0.0
2024-04-06,24.9,11.6,17.3,0.0,0.0,0.0,0.0
2024-04-07,25.0,10.9,17.1,0.0,0.0,0.0,0.0
2024-04-08,28.0,10.6,17.7,0.0,0.0,0.0,0.0
2024-04-09,19.8,6.1,12.6,3.1,3.1,0.0,5.0
2024-04-10,10.9,4.1,7.4,5.0,5.0,0.0,14.0
2024-04-11,15.1,2.2,8.8,0.0,0.0,0.0,0.0
2024-04-12,18.5,3.5,11.5,0.0,0.0,0.0,0.0
2024-04-13,23.0,7.1,14.7,0.0,0.0,0.0,0.0
2024-04-14,23.8,11.9,17.2,0.0,0.0,0.0,0.0
2024-04-15,16.9,11.1,14.2,11.3,11.3,0.0,11.0
2024-04-16,10.0,2.8,6.4,4.6,4.6,0.0,13.0
2024-04-17,7.4,2.4,4.3,9.4,8.0,0.98,21.0
2024-04-18,7.2,0.9,3.4,2.3,1.9,0.28,14.0
2024-04-19,7.2,1.1,3.7,7.3,6.2,0.77,17.0
2024-04-20,7.2,1.6,4.2,2.4,2.0,0.28,14.0
2024-04-21,4.9,0.8,2.7,8.9,5.0,2.73,20.0
2024-04-22,6.4,0.6,3.6,2.9,2.1,0.56,11.0
2024-04-23,4.2,1.2,2.7,2.5,1.9,0.42,18.0
2024-04-24,8.6,1.9,4.3,5.1,2.6,1.75,15.0
2024-04-25,9.1,0.0,4.3,1.1,1.1,0.0,8.0
2024-04-26,15.0,-0.4,7.6,0.0,0.0,0.0,0.0
2024-04-27,18.6,2.3,10.9,0.2,0.2,0.0,2.0
2024-04-28,23.1,6.9,14.9,0.0,0.0,0.0,0.0
2024-04-29,20.8,5.8,13.4,0.0,0.0,0.0,0.0
2024-04-30,25.2,7.8,17.5,0.0,0.0,0.0,0.0
2024-05-01,23.4,8.9,16.7,0.0,0.0,0.0,0.0
2024-05-02,20.5,10.7,15.3,0.1,0.1,0.0,1.0
2024-05-03,12.4,8.9,10.6,0.8,0.8,0.0,7.0
2024-05-04,17.7,5.9,12.2,0.2,0.2,0.0,2.0
2024-05-05,19.2,8.5,13.8,0.1,0.1,0.0,1.0
2024-05-06,20.4,8.1,13.3,8.1,8.1,0.0,5.0
2024-05-07,15.5,9.6,12.3,2.6,2.6,0.0,11.0
2024-05-08,11.6,9.1,10.2,8.6,8.6,0.0,22.0
2024-05-09,16.1,8.7,12.0,0.1,0.1,0.0,1.0
2024-05-10,18.9,5.6,12.7,0.0,0.0,0.0,0.0
2024-05-11,19.9,6.4,13.7,0.0,0.0,0.0,0.0
2024-05-12,21.4,7.7,14.8,0.0,0.0,0.0,0.0
2024-05-13,21.0,7.2,14.6,0.3,0.3,0.0,3.0
2024-05-14,21.8,8.1,15.5,0.0,0.0,0.0,0.0
2024-05-15,21.4,9.8,15.9,0.5,0.5,0.0,4.0
2024-05-16,21.6,11.9,16.2,0.7,0.7,0.0,5.0
2024-05-17,14.8,9.5,12.2,7.5,7.5,0.0,12.0
2024-05-18,19.6,10.4,15.1,1.8,1.8,0.0,5.0
2024-05-19,19.5,9.6,14.6,14.1,14.1,0.0,8.0
2024-05-20,22.5,9.1,16.4,0.0,0.0,0.0,0.0
2024-05-21,15.6,11.7,13.8,11.8,11.8,0.0,17.0
2024-05-22,17.5,11.3,14.1,2.9,2.9,0.0,7.0
2024-05-23,19.1,9.2,13.2,10.5,10.5,0.0,9.0
2024-05-24,17.4,8.4,13.2,0.7,0.7,0.0,6.0
2024-05-25,18.2,8.5,13.5,1.0,1.0,0.0,5.0
2024-05-26,21.4,9.5,15.8,0.3,0.3,0.0,3.0
2024-05-27,21.3,12.2,15.9,17.5,17.5,0.0,9.0
2024-05-28,15.8,9.2,13.0,4.6,4.6,0.0,13.0
2024-05-29,20.6,7.7,14.6,0.6,0.6,0.0,2.0
2024-05-30,18.9,12.6,14.7,30.0,30.0,0.0,21.0
2024-05-31,12.4,9.2,11.1,22.8,22.8,0.0,22.0
2024-06-01,12.6,9.9,11.1,81.3,81.3,0.0,24.0
2024-06-02,18.6,11.4,14.5,11.7,11.7,0.0,20.0
2024-06-03,15.9,12.6,14.0,28.2,28.2,0.0,18.0
2024-06-04,19.9,10.6,15.2,0.0,0.0,0.0,0.0
2024-06-05,22.4,11.4,17.3,0.7,0.7,0.0,3.0
2024-06-06,23.5,12.0,18.0,4.4,4.4,0.0,5.0
2024-06-07,21.1,14.1,17.7,4.6,4.6,0.0,15.0
2024-06-08,24.9,13.8,18.8,6.9,6.9,0.0,8.0
2024-06-09,22.1,14.9,18.2,19.7,19.7,0.0,16.0
2024-06-10,19.9,13.1,16.0,26.8,26.8,0.0,11.0
2024-06-11,12.9,10.1,11.5,1.3,1.3,0.0,5.0
2024-06-12,16.7,9.1,12.7,0.6,0.6,0.0,5.0
2024-06-13,16.4,8.8,13.1,0.4,0.4,0.0,4.0
2024-06-14,19.9,8.9,14.8,0.3,0.3,0.0,2.0
2024-06-15,18.8,12.2,15.2,5.8,5.8,0.0,9.0
2024-06-16,21.2,12.9,16.3,1.1,1.1,0.0,5.0
2024-06-17,23.5,12.6,17.9,6.8,6.8,0.0,2.0
2024-06-18,28.2,13.0,20.9,0.0,0.0,0.0,0.0
2024-06-19,27.3,16.8,22.0,0.0,0.0,0.0,0.0
2024-06-20,27.0,15.3,21.3,1.2,1.2,0.0,5.0
2024-06-21,25.0,15.5,20.4,12.2,12.2,0.0,5.0
2024-06-22,21.8,13.2,17.1,7.3,7.3,0.0,13.0
2024-06-23,20.5,12.2,15.9,2.1,2.1,0.0,6.0
2024-06-24,23.6,13.3,19.1,0.0,0.0,0.0,0.0
2024-06-25,26.1,14.7,20.3,0.6,0.6,0.0,2.0
2024-06-26,23.9,15.4,19.3,2.4,2.4,0.0,7.0
2024-06-27,25.0,16.2,20.2,15.7,15.7,0.0,12.0
2024-06-28,27.2,18.0,22.3,2.2,2.2,0.0,4.0
2024-06-29,31.9,17.2,24.8,0.0,0.0,0.0,0.0
2024-06-30,24.2,16.9,21.3,5.4,5.4,0.0,5.0
2024-07-01,21.1,13.6,17.0,3.2,3.2,0.0,10.0
2024-07-02,18.1,11.6,15.3,0.8,0.8,0.0,3.0
2024-07-03,18.0,11.8,13.8,13.8,13.8,0.0,20.0
2024-07-04,20.8,10.7,15.9,2.5,2.5,0.0,5.0
2024-07-05,23.9,14.4,18.9,0.3,0.3,0.0,2.0
2024-07-06,29.0,15.2,20.5,3.4,3.4,0.0,7.0
2024-07-07,17.0,12.1,14.9,11.3,11.3,0.0,15.0
2024-07-08,22.6,11.6,17.4,0.0,0.0,0.0,0.0
2024-07-09,28.3,13.5,21.4,0.0,0.0,0.0,0.0
2024-07-10,28.0,17.5,21.4,4.5,4.5,0.0,6.0
2024-07-11,26.0,16.0,21.2,0.9,0.9,0.0,6.0
2024-07-12,24.8,17.2,20.7,10.9,10.9,0.0,6.0
2024-07-13,20.2,14.8,17.7,5.5,5.5,0.0,7.0
2024-07-14,23.6,15.2,19.3,0.4,0.4,0.0,4.0
2024-07-15,29.4,14.6,22.5,0.0,0.0,0.0,0.0
2024-07-16,25.7,17.6,21.0,4.7,4.7,0.0,6.0
2024-07-17,22.0,16.5,18.9,0.5,0.5,0.0,3.0
2024-07-18,25.9,13.6,20.2,0.0,0.0,0.0,0.0
2024-07-19,27.5,15.9,22.1,0.0,0.0,0.0,0.0
2024-07-20,25.2,17.6,20.9,5.7,5.7,0.0,11.0
2024-07-21,28.1,15.8,21.4,9.3,9.3,0.0,5.0
2024-07-22,23.5,17.1,19.4,12.5,12.5,0.0,11.0
2024-07-23,23.7,16.2,19.7,2.2,2.2,0.0,10.0
2024-07-24,21.6,14.9,18.2,3.1,3.1,0.0,8.0
2024-07-25,23.0,13.1,18.5,0.1,0.1,0.0,1.0
2024-07-26,26.2,13.2,20.3,0.0,0.0,0.0,0.0
2024-07-27,29.0,15.6,22.8,0.0,0.0,0.0,0.0
2024-07-28,22.3,14.8,19.1,1.4,1.4,0.0,5.0
2024-07-29,24.5,13.6,18.7,0.0,0.0,0.0,0.0
2024-07-30,27.5,11.4,20.6,0.0,0.0,0.0,0.0
2024-07-31,30.5,16.5,23.5,0.0,0.0,0.0,0.0
2024-08-01,27.1,16.7,21.8,1.7,1.7,0.0,2.0
2024-08-02,24.3,16.6,20.6,2.9,2.9,0.0,7.0
2024-08-03,23.0,15.4,19.2,8.3,8.3,0.0,15.0
2024-08-04,24.0,15.7,19.4,5.0,5.0,0.0,15.0
2024-08-05,23.2,14.9,18.9,0.4,0.4,0.0,3.0
2024-08-06,26.4,13.6,20.3,0.0,0.0,0.0,0.0
2024-08-07,27.5,17.0,20.8,0.2,0.2,0.0,1.0
2024-08-08,22.6,16.1,19.0,7.2,7.2,0.0,11.0
2024-08-09,26.0,13.1,19.9,0.0,0.0,0.0,0.0
2024-08-10,28.0,17.0,22.9,0.0,0.0,0.0,0.0
2024-08-11,29.2,16.1,22.9,0.0,0.0,0.0,0.0
2024-08-12,28.5,18.0,23.2,0.0,0.0,0.0,0.0
2024-08-13,30.8,18.4,23.0,6.5,6.5,0.0,4.0
2024-08-14,29.0,15.1,22.0,1.2,1.2,0.0,3.0
2024-08-15,27.0,15.6,21.9,0.0,0.0,0.0,0.0
2024-08-16,26.5,16.1,21.4,2.1,2.1,0.0,5.0
2024-08-17,24.7,18.4,21.1,2.5,2.5,0.0,4.0
2024-08-18,22.5,16.6,18.3,34.0,34.0,0.0,18.0
2024-08-19,17.9,14.6,16.1,17.3,17.3,0.0,17.0
2024-08-20,22.5,13.8,17.9,0.2,0.2,0.0,2.0
2024-08-21,20.4,13.4,17.6,2.3,2.3,0.0,11.0
2024-08-22,22.9,10.8,17.1,0.0,0.0,0.0,0.0
2024-08-23,27.6,13.5,20.3,0.0,0.0,0.0,0.0
2024-08-24,28.9,13.7,21.7,0.0,0.0,0.0,0.0
2024-08-25,22.4,11.3,16.2,20.3,20.3,0.0,15.0
2024-08-26,17.5,11.4,14.6,1.8,1.8,0.0,2.0
2024-08-27,22.5,11.7,17.5,0.0,0.0,0.0,0.0
2024-08-28,27.1,13.6,20.0,0.0,0.0,0.0,0.0
2024-08-29,29.0,15.3,21.7,0.0,0.0,0.0,0.0
2024-08-30,29.1,15.4,21.8,0.0,0.0,0.0,0.0
2024-08-31,28.0,14.9,21.9,0.0,0.0,0.0,0.0
2024-09-01,27.2,16.4,21.6,11.5,11.5,0.0,4.0
2024-09-02,25.5,17.4,20.8,9.7,9.7,0.0,5.0
2024-09-03,26.9,15.6,20.4,3.4,3.4,0.0,4.0
2024-09-04,25.5,16.9,20.8,0.4,0.4,0.0,3.0
2024-09-05,28.2,16.5,21.8,0.1,0.1,0.0,1.0
2024-09-06,22.5,15.5,18.7,1.2,1.2,0.0,6.0
2024-09-07,26.1,13.3,19.5,0.0,0.0,0.0,0.0
2024-09-08,25.0,14.1,19.2,8.2,8.2,0.0,8.0
2024-09-09,18.2,13.5,15.3,11.9,11.9,0.0,16.0
2024-09-10,16.9,12.3,14.6,3.4,3.4,0.0,13.0
2024-09-11,18.2,10.2,14.0,8.3,8.3,0.0,9.0
2024-09-12,10.9,6.9,8.5,7.4,7.4,0.0,20.0
2024-09-13,10.1,6.4,7.9,16.0,16.0,0.0,24.0
2024-09-14,8.3,6.6,7.3,30.3,30.3,0.0,18.0
2024-09-15,12.1,5.5,9.2,7.3,7.3,0.0,8.0
2024-09-16,9.4,8.4,8.9,24.6,24.6,0.0,20.0
2024-09-17,16.3,9.5,11.8,8.8,8.8,0.0,11.0
2024-09-18,19.4,8.9,14.2,0.2,0.2,0.0,2.0
2024-09-19,19.5,11.1,15.0,0.0,0.0,0.0,0.0
2024-09-20,20.1,6.8,13.7,0.0,0.0,0.0,0.0
2024-09-21,21.2,8.4,13.8,0.0,0.0,0.0,0.0
2024-09-22,21.4,7.9,14.2,0.0,0.0,0.0,0.0
2024-09-23,21.2,10.0,15.7,5.0,5.0,0.0,5.0
2024-09-24,18.4,11.0,13.9,9.5,9.5,0.0,9.0
2024-09-25,19.9,10.4,14.7,0.1,0.1,0.0,1.0
2024-09-26,19.0,12.4,14.7,10.8,10.8,0.0,13.0
2024-09-27,18.5,10.8,13.6,9.7,9.7,0.0,10.0
2024-09-28,13.1,7.4,10.3,3.9,3.9,0.0,9.0
2024-09-29,13.2,3.0,8.5,0.0,0.0,0.0,0.0
2024-09-30,16.4,4.7,10.5,0.9,0.9,0.0,5.0
2024-10-01,16.2,10.9,13.0,4.8,4.8,0.0,13.0
2024-10-02,14.5,6.7,11.3,6.0,6.0,0.0,13.0
2024-10-03,11.8,4.1,8.0,2.3,2.3,0.0,11.0
2024-10-04,9.9,7.2,8.1,9.3,9.3,0.0,22.0
2024-10-05,10.2,4.9,8.1,1.6,1.6,0.0,13.0
2024-10-06,14.1,3.5,8.6,0.0,0.0,0.0,0.0
2024-10-07,21.2,8.6,13.8,0.0,0.0,0.0,0.0
2024-10-08,21.8,10.2,14.5,5.5,5.5,0.0,7.0
2024-10-09,19.8,9.6,14.5,1.9,1.9,0.0,4.0
2024-10-10,15.4,10.0,12.9,4.0,4.0,0.0,8.0
2024-10-11,13.1,4.9,9.7,0.7,0.7,0.0,3.0
2024-10-12,15.2,4.4,9.3,1.2,1.2,0.0,2.0
2024-10-13,14.4,6.0,11.1,2.9,2.9,0.0,4.0
2024-10-14,18.2,8.0,12.8,5.0,5.0,0.0,2.0
2024-10-15,15.5,10.6,13.0,1.0,1.0,0.0,5.0
2024-10-16,18.9,8.6,12.8,0.5,0.5,0.0,2.0
2024-10-17,20.4,8.4,13.7,0.0,0.0,0.0,0.0
2024-10-18,16.3,8.1,11.7,2.0,2.0,0.0,5.0
2024-10-19,17.1,9.4,12.7,0.3,0.3,0.0,3.0
2024-10-20,16.6,9.6,12.0,0.0,0.0,0.0,0.0
2024-10-21,18.5,10.0,12.8,0.0,0.0,0.0,0.0
2024-10-22,17.1,10.7,13.6,3.2,3.2,0.0,6.0
2024-10-23,12.7,10.5,11.4,7.6,7.6,0.0,21.0
2024-10-24,14.1,7.4,10.6,1.0,1.0,0.0,2.0
2024-10-25,14.2,8.1,10.4,0.0,0.0,0.0,0.0
2024-10-26,16.1,7.9,10.3,0.0,0.0,0.0,0.0
2024-10-27,16.9,7.8,10.9,0.0,0.0,0.0,0.0
2024-10-28,16.4,6.2,10.4,0.0,0.0,0.0,0.0
2024-10-29,16.5,7.3,10.2,0.0,0.0,0.0,0.0
2024-10-30,14.2,8.6,10.3,0.0,0.0,0.0,0.0
2024-10-31,13.1,4.8,9.2,0.0,0.0,0.0,0.0
2024-11-01,15.3,5.9,9.7,0.0,0.0,0.0,0.0
2024-11-02,8.8,3.8,6.8,0.0,0.0,0.0,0.0
2024-11-03,11.1,3.0,6.9,0.0,0.0,0.0,0.0
2024-11-04,10.1,2.0,5.1,0.0,0.0,0.0,0.0
2024-11-05,11.9,1.2,5.3,0.0,0.0,0.0,0.0
2024-11-06,12.6,4.0,7.6,0.0,0.0,0.0,0.0
2024-11-07,9.1,5.4,6.8,0.0,0.0,0.0,0.0
2024-11-08,8.7,1.8,4.9,0.0,0.0,0.0,0.0
2024-11-09,8.6,0.4,4.1,0.0,0.0,0.0,0.0
2024-11-10,6.4,0.8,3.1,0.0,0.0,0.0,0.0
2024-11-11,5.8,1.6,3.3,0.0,0.0,0.0,0.0
2024-11-12,3.8,1.3,2.7,0.1,0.1,0.0,1.0
2024-11-13,1.9,0.6,1.1,1.6,0.1,1.05,7.0
2024-11-14,6.2,0.6,3.2,0.6,0.6,0.0,5.0
2024-11-15,7.3,1.2,4.3,0.0,0.0,0.0,0.0
2024-11-16,8.6,-0.9,2.6,0.0,0.0,0.0,0.0
2024-11-17,8.6,1.6,4.7,3.8,3.8,0.0,6.0
2024-11-18,8.9,3.5,6.2,2.9,2.9,0.0,11.0
2024-11-19,11.0,6.3,8.4,10.7,10.5,0.14,9.0
2024-11-20,7.8,0.1,2.7,14.2,12.6,1.12,11.0
2024-11-21,2.9,-1.4,0.5,5.4,0.0,3.78,9.0
2024-11-22,-0.6,-3.3,-1.7,6.7,0.0,4.69,12.0
2024-11-23,2.8,-0.9,0.4,1.0,0.0,0.7,4.0
2024-11-24,13.9,-1.4,6.2,0.0,0.0,0.0,0.0
2024-11-25,13.6,1.8,6.5,0.0,0.0,0.0,0.0
2024-11-26,10.6,4.4,7.5,2.6,2.6,0.0,5.0
2024-11-27,9.4,1.9,5.2,0.0,0.0,0.0,0.0
2024-11-28,10.7,1.6,4.8,11.7,11.7,0.0,13.0
2024-11-29,4.8,-0.5,1.9,0.5,0.3,0.14,2.0
2024-11-30,4.9,-3.2,0.2,0.0,0.0,0.0,0.0
2024-12-01,2.8,-3.5,-1.5,0.0,0.0,0.0,0.0
2024-12-02,5.5,-2.4,1.3,0.6,0.6,0.0,5.0
2024-12-03,6.1,3.3,4.6,6.2,6.2,0.0,12.0
2024-12-04,3.1,-1.2,1.8,2.7,2.3,0.28,11.0
2024-12-05,3.8,-3.3,-0.1,0.0,0.0,0.0,0.0
2024-12-06,6.7,3.1,4.8,9.9,9.9,0.0,15.0
2024-12-07,5.9,0.6,3.7,3.0,3.0,0.0,8.0
2024-12-08,5.2,2.2,3.2,4.8,4.8,0.0,10.0
2024-12-09,2.3,0.2,1.3,4.0,3.3,0.49,21.0
2024-12-10,2.2,0.1,1.1,0.6,0.0,0.42,5.0
2024-12-11,2.2,0.6,1.4,0.0,0.0,0.0,0.0
2024-12-12,2.7,-0.9,0.8,0.0,0.0,0.0,0.0
2024-12-13,0.2,-2.1,-0.8,0.0,0.0,0.0,0.0
2024-12-14,4.8,-2.3,1.1,0.0,0.0,0.0,0.0
2024-12-15,3.8,1.1,2.4,0.6,0.3,0.21,4.0
2024-12-16,10.4,3.7,6.5,0.4,0.4,0.0,3.0
2024-12-17,8.4,2.0,4.8,0.0,0.0,0.0,0.0
2024-12-18,12.1,2.2,6.8,0.0,0.0,0.0,0.0
2024-12-19,11.1,3.2,6.6,3.9,3.9,0.0,7.0
2024-12-20,3.0,-0.6,1.2,1.3,1.0,0.21,8.0
2024-12-21,5.8,-0.6,2.7,0.1,0.1,0.0,1.0
2024-12-22,5.8,-0.2,3.6,11.7,10.5,0.84,18.0
2024-12-23,2.1,-1.5,0.2,2.6,0.0,1.82,10.0
2024-12-24,2.2,-1.2,0.3,3.5,0.0,2.45,11.0
2024-12-25,3.2,-3.7,-1.2,0.0,0.0,0.0,0.0
2024-12-26,3.2,-3.8,-1.5,0.0,0.0,0.0,0.0
2024-12-27,2.8,-4.6,-2.2,0.0,0.0,0.0,0.0
2024-12-28,5.8,-5.7,-1.7,0.0,0.0,0.0,0.0
2024-12-29,6.2,-3.7,-0.1,0.0,0.0,0.0,0.0
2024-12-30,1.8,-6.2,-2.5,0.0,0.0,0.0,0.0
2024-12-31,5.7,-6.2,-0.6,0.0,0.0,0.0,0.0
